{
  "project_info": {
    "project_number": "324818142179",
    "project_id": "final1-2b9bc",
    "storage_bucket": "final1-2b9bc.firebasestorage.app"
  },
  "client": [
    {
      "client_info": {
        "mobilesdk_app_id": "1:324818142179:android:d0c7cce2cb7ae9aad756d6",
        "android_client_info": {
          "package_name": "com.example.afinal"
        }
      },
      "oauth_client": [],
      "api_key": [
        {
          "current_key": "AIzaSyAF9jJnet-TLRKS2OBWUvVRBbpLvYnfAbM"
        }
      ],
      "services": {
        "appinvite_service": {
          "other_platform_oauth_client": []
        }
      }
    }
  ],
  "configuration_version": "1"
}